Origem;Produto;Preco
Ultrafarma;Vitamina C 1000Mg + Zinco 29Mg + D3 2000Ui Vitalion Tripla Ação 20 Comprimidos Efervescentes União Europeia Sidney Oliveira;R$ 11,63
Ultrafarma;Bi-Magnésio 30 Comprimidos Importado Sidney Oliveira;R$ 10,90
Ultrafarma;Cálcio + Vitamina D3 Calsid + D 30 Comprimidos Importado Sidney Oliveira;R$ 14,54
Ultrafarma;Triple Ômega 1200Mg 3-6-9 Nature Daily Made In Usa 120 Cápsulas Sidney Oliveira;R$ 119,97
Ultrafarma;Condricart Ultra Power Made In Usa 60 Cápsulas Sidney Oliveira;R$ 43,58
Ultrafarma;Colágeno Tipo Il + Ácido Hialurônico + Vitaminas + Minerais Algy Cartril Extreme Made In Usa 60 Cápsulas Sidney Oliveira;R$ 28,50
Ultrafarma;Colágeno Tipo Il + Mdk Algy Cartril 60 Cápsulas Sidney Oliveira;R$ 27,14
Ultrafarma;Gargogex Própolis E Romã Spray 35Ml;R$ 3,64
Ultrafarma;Cimegripe Cloridrato Fenilefrina 4Mg + Paracetamol 400Mg + Maleato De Clorfeniramina 4Mg 20 Cápsulas;R$ 9,69
Ultrafarma;Vitamina C - Vitalion C Kids Sabor Morango 30 Gomas Sidney Oliveira;R$ 8,71
Ultrafarma;Óleo De Krill 1000Mg Made In Usa 60 Cápsulas Sidney Oliveira;R$ 40,67
Ultrafarma;Vitamina B12 Metilcobalamina Nature Daily 60 Cápsulas + 7 Grátis Sidney Oliveira;R$ 10,62
Ultrafarma;Cálcio + Magnésio + Vitamina D3 + Vitamina K2 - Cálcio Mdk Nature Daily 60 Cápsulas + 7 Grátis Sidney Oliveira;R$ 14,54
Ultrafarma;Ômega 3 Tg Odorless 1000Mg 150 Cápsulas Softgel Sidney Oliveira;R$ 65,47
Ultrafarma;Loratadina 10Mg 12 Comprimidos Cimed Genérico (Claritin);R$ 1,93
Ultrafarma;Ômega 3 1000 Mg Made In Usa Odorless 150 Cápsulas Sidney Oliveira;R$ 102,95
Ultrafarma;Colágeno Tipo Il + Vitamina D3 + Magnésio + Ácido Hialurônico + Msm Condricart Ultra Power 60 Cápsulas Sidney Oliveira;R$ 28,61
Ultrafarma;Eno Probiótico 30 Cápsulas;R$ 23,27
Ultrafarma;Vitamina K2 149Mcg 60 Cápsulas Sidney Oliveira;R$ 21,76
Ultrafarma;Dipirona 500Mg 30 Comprimidos - Globo - Genérico (Novalgina);R$ 7,10
Ultrafarma;Magnésio Taurato Vitalab 60 Cápsulas - Validade Maio/2026;R$ 6,55
Ultrafarma;Acetilcisteína Xarope 40Mg/Ml 100Ml Sidney Oliveira;R$ 8,73
Ultrafarma;Clotrimazol Creme 20G - Ems Genérico (Canesten);R$ 3,61
Ultrafarma;Vitamina E- E-Vital 20 Cápsulas Importado Sidney Oliveira;R$ 16,47
Ultrafarma;Luteína + Zeaxantina + Ômega 3 Vitalion Vis 30 Cápsulas Sidney Oliveira;R$ 18,86
Ultrafarma;Leite De Magnésia Phillips Sabor Original 350Ml;R$ 18,48
Ultrafarma;Bloqueador De Odores Spray Paco Nº 2 Odor Free Especiarias Sidney Oliveira 60Ml;R$ 7,27
Ultrafarma;Castanha Da Índia - Variless 30 Comprimidos Sidney Oliveira;R$ 19,99
Ultrafarma;Tiras Reagente G-Tech Vita 50 Tiras;R$ 43,55
Ultrafarma;Biotina 45Mcg 30 Comprimidos Mastigáveis Osa Nutrition;R$ 9,11
Ultrafarma;Vitbari Premium 30 Comprimidos União Europeia Sidney Oliveira;R$ 14,00
Ultrafarma;Colágeno Tipo Il Não Hidrolisado + Ácido Hialurônico + Magnésio Cartix Triflex 30 Cápsulas Sidney Oliveira;R$ 27,72
Ultrafarma;Cálcio Elementar 600Mg + Vitamina D3 1000Ui Calsid-D 60 Comprimidos Sidney Oliveira;R$ 19,08
Ultrafarma;L-Arginina 1000Mg Nature Daily 60 Cápsulas + 7 Grátis Sidney Oliveira;R$ 21,10
Ultrafarma;Dipirona + Orfenadrina + Cafeína - Doricin 36 Comprimidos;R$ 7,63
Ultrafarma;Testo Man Testona Evolution 60 Comprimidos Sidney Oliveira;R$ 23,76
Ultrafarma;Amora Miúra Vitalab 60 Cápsulas;R$ 14,33
Ultrafarma;Colágeno Tipo Il Algy Cartril Osteo Total Made In Usa 60 Cápsulas Sidney Oliveira;R$ 37,79
Ultrafarma;Melatonina Melyx Spray 30Ml Sidney Oliveira;R$ 14,67
Ultrafarma;Creme Hidratante Rosa Mosqueta Rahda 30G;R$ 9,15
Ultrafarma;Melatonina + L - Triptofano Teacalme Sleep 60 Cápsulas Sidney Oliveira;R$ 21,39
Ultrafarma;Curativos Transparentes 35 Unidades Sidney Oliveira;R$ 7,21
Ultrafarma;Tri Magnésio Vitalab 60 Cápsulas;R$ 14,46
Ultrafarma;Cálcio Elementar 500Mg + Vitamina D3 1000Ui + Magnésio Malato 215Mg Calsid-D Mag 60 Comprimidos Sidney Oliveira;R$ 22,81
Ultrafarma;A-Z Mulher Sênior Mulheres Ativas 60 Cápsulas União Europeia Sidney Oliveira;R$ 29,24
Ultrafarma;Complexo B Concentrado 20 Comprimidos Osa Nutrition;R$ 8,24
Ultrafarma;Laranja Moro 60 Cápsulas Sidney Oliveira;R$ 29,10
Ultrafarma;Ibuprofeno 100Mg/Ml Gotas 20Ml - Legrand Genérico (Alivium);R$ 3,88
Ultrafarma;Coenzima Q10 100Mg Made In Usa 60 Cápsulas Sidney Oliveira;R$ 51,87
Ultrafarma;A-Z Homem Mega Men 60 Cápsulas União Europeia Sidney Oliveira;R$ 28,37
Ultrafarma;Feno Grego 300Mg 60 Comprimidos Sidney Oliveira;R$ 35,65
Ultrafarma;Creme Para Mãos Luva De Silicone Rahda 120G Rahda;R$ 12,30
Ultrafarma;A-Z Sênior Homem Mega Men 240 Cápsulas Sidney Oliveira;R$ 49,05
Ultrafarma;A-Z Mulher Mulheres Ativas 60 Cápsulas União Europeia Sidney Oliveira;R$ 26,07
Ultrafarma;Grow Hair Premium By Clara Brasil 30 Cápsulas União Europeia Sidney Oliveira;R$ 21,10
Ultrafarma;Paracetamol + Clorfeniramina + Fenilefrina - Resfegripe 10 Cápsulas;R$ 2,69
Ultrafarma;A-Z Multivitamínico 60 Cápsulas União Europeia Sidney Oliveira - Brinde Grátis;R$ 36,31
Ultrafarma;Leite De Magnésia Phillips Sabor Hortelã 350Ml;R$ 15,68
Ultrafarma;Coenzima Q10 200Mg 60 Cápsulas Made In Usa Sidney Oliveira;R$ 82,29
Ultrafarma;Colágeno Hidrolisado Verisol 30 Sachês Sidney Oliveira;R$ 47,22
Ultrafarma;Luteína + Zeaxantina + Vitamina A Made In Usa Nature Daily 60 Comprimidos Sidney Oliveira;R$ 35,65
Ultrafarma;Vitamina C 1000Mg + Zinco 29Mg Made In Usa Nature Daily 60 Comprimidos Sidney Oliveira;R$ 33,76
Ultrafarma;Cimevitan Kit Az Mulher + Cabelos E Unhas + Colágeno 120 Comprimidos + 60 Cápsulas Sidney Oliveira;R$ 32,93
Ultrafarma;Ômega 3 Kids Turma Do Pakaraka 60 Cápsulas Mastigáveis Sidney Oliveira;R$ 14,80
Ultrafarma;Cimevitan Testo Man 60 Comprimidos Sidney Oliveira;R$ 26,58
Ultrafarma;Creme Para Pernas Com Arnica + Própolis + Castanha Da Índia + Centella Asiatica E Melaleuca Vasser 120G Sidney Oliveira;R$ 10,84
Ultrafarma;Cromo 100Mcg 60 Comprimidos União Europeia Sidney Oliveira;R$ 13,82
Ultrafarma;Tri Magnésio Made In Usa 60 Cápsulas Nature Daily Sidney Oliveira;R$ 35,94
Ultrafarma;Ômega 3 1000Mg Noruega Leve 320 Cápsulas Pague 240 Sidney Oliveira;R$ 155,14
Ultrafarma;Colágeno Hidrolisado + Vitamina C - Colagevit 60 Cápsulas;R$ 20,62
Ultrafarma;Ômega 3 + Q10 Cardio Support 120 Cápsulas Sidney Oliveira;R$ 50,10
Ultrafarma;Cetoconazol Creme 30G - Ems Genérico (Nizoral);R$ 6,61
Ultrafarma;Cabelo Pele E Unhas 30 Cápsulas União Europeia Sidney Oliveira;R$ 14,55
Ultrafarma;Vitamina C Efervescente Aceviton 1G Laranja 10 Comprimidos;R$ 5,53
Ultrafarma;Natus Gerin 50 Cápsulas;R$ 41,76
Ultrafarma;Melatonina Melyx Zzz Boa Noite 30 Comprimidos Mastigáveis Sidney Oliveira;R$ 17,62
Ultrafarma;Condricart Artro Flex 60 Cápsulas União Europeia Sidney Oliveira;R$ 43,21
Ultrafarma;Resveratrol + Zinco 29Mg 30 Comprimidos União Europeia Sidney Oliveira;R$ 17,76
Ultrafarma;Paracetamol 750Mg 20 Comprimidos - Ems Genérico;R$ 5,25
Ultrafarma;Lenço Demaquilante Micelar Rahda - 25 Unidades - Validade Maio/2026;R$ 6,52
Ultrafarma;Cabelos E Unhas Made In Usa 60 Cápsulas Mulheres Ativas Sidney Oliveira;R$ 27,09
Ultrafarma;Pinus Pinaster 150Mg Made In Usa 60 Cápsulas Nature Daily Sidney Oliveira;R$ 36,31
Ultrafarma;Ômega 3 1000Mg Made In Usa 60 Cápsulas Sidney Oliveira;R$ 45,78
Ultrafarma;Maca Peruana Power Com Vitaminas E Minerais 100G Sidney Oliveira;R$ 29,09
Ultrafarma;Betaglucana + Vitaminas C, D + Selênio + Zinco - Vitalion Imunodefense 30 Comprimidos Sidney Oliveira;R$ 10,84
Ultrafarma;Vitamina B12 9,9Mg Made In Usa 100 Comprimidos Sidney Oliveira;R$ 17,77
Ultrafarma;Gerivit Testo 60 Cápsulas Sidney Oliveira;R$ 34,88
Ultrafarma;Gel De Massagem Algy Cartril Sidney Oliveira 200G;R$ 8,80
Ultrafarma;Kit Medidor De Glicose Vita Ultra G-Tech Com 1 Aparelho + 1 Lancetador + 10 Lancetas + 10 Tiras;R$ 47,11
Ultrafarma;Sérum Reparador De Pontas Argan + 8 Óleos Extraordinários Rahda 30Ml - Validade Abril/2026;R$ 7,41
Ultrafarma;Magnésio Bisglicinato Nature Daily 120 Cápsulas Sidney Oliveira;R$ 50,86
Ultrafarma;Água Micelar Com Óleo De Rosa Mosqueta Rahda 500Ml;R$ 13,81
Ultrafarma;Nutrix 29 Sênior Sem Sabor 400G Sidney Oliveira;R$ 52,37
Ultrafarma;Ômega 3 1000Mg Nature Daily 240 Cápsulas Sidney Oliveira Edição Limitada Papa Francisco;R$ 96,69
Ultrafarma;Cimevitan Multivitamínico A-Z Mega Fórmula 60 Cápsulas - Validade Abril/2026;R$ 11,64
Ultrafarma;Kit Mulher - A-Z Mulher, Cabelo E Unha, Colágeno Sidney Oliveira;R$ 32,67
Ultrafarma;Pomada Massageadora Canela De Velho Fashion 150G;R$ 4,84
Ultrafarma;Magnesium, D3 & Turmeric Curcumed Mag 60 Cápsulas Sidney Oliveira;R$ 14,55
Ultrafarma;Cimevitan Cabelo, Pele E Unha Made In Usa 60 Cápsulas Sidney Oliveira;R$ 28,86
Ultrafarma;Biotina 45Mcg Made In Usa Nature Daily 60 Comprimidos Sidney Oliveira;R$ 21,68
Ultrafarma;Vitamina B12 9,9Mcg Vitalab 30 Cápsulas;R$ 7,21
Ultrafarma;Licopeno E Selênio Nature Daily 60 Cápsulas + 7 Grátis Sidney Oliveira;R$ 16,73
Ultrafarma;Ômega 3 + Q10 Cardio Support Leve 240 Pague 200 Cápsulas Sidney Oliveira;R$ 91,88
Ultrafarma;Triptofano 500Mg 60 Cápsulas Teacalme Sono Sidney Oliveira;R$ 24,57
Ultrafarma;Clotrimazol 10Mg/G Creme 20G - Germed Genérico (Canesten);R$ 3,62
Ultrafarma;Toalhinhas Umedecidas Baby José Rahda - 50 Unidades;R$ 5,81
Ultrafarma;Ômega 3 1200Mg + Vitamina D 1000Ui 120 Cápsulas;R$ 49,06
Ultrafarma;Protetor Solar Corporal Fps 30 Sunfashion 120G;R$ 9,69
Ultrafarma;Colágeno Hidrolisado Verisol 60 Comprimidos Sidney Oliveira;R$ 50,57
Ultrafarma;Focus Pervit Tdah 30 Cápsulas Sidney Oliveira;R$ 21,76
Ultrafarma;Cálcio 400Mg + Vitamina D3 2000Ui Calsid+D 50 Cápsulas União Europeia Sidney Oliveira;R$ 15,49
Ultrafarma;Maca Peruana Pó 100G Sidney Oliveira;R$ 21,76
Ultrafarma;Colágeno Tipo Il + Condroitina + Vitamina C Algy Cartril Flex Active 60 Cápsulas União Europeia Sidney Oliveira;R$ 38,79
Ultrafarma;Óleo De Ricino Rahda Puro 100Ml;R$ 11,48
Ultrafarma;Colágeno Hidrolisado+Vitaminas E Minerais Mulheres Ativas 240 Cápsulas Sidney Oliveira;R$ 66,21
Ultrafarma;Repelente Em Gel Off Toque Leve 100G;R$ 21,33
Ultrafarma;A-Z Mulher Made In Usa 60 Comprimidos Mulheres Ativas Sidney Oliveira;R$ 20,30
Ultrafarma;Vitalion C 500Mg E Zinco 14Mg 10 Sachês Efervescentes Importado Sidney Oliveira;R$ 18,12
Ultrafarma;Vitamina D3 2000Ui Made In Usa Nature Daily 60 Comprimidos Sidney Oliveira;R$ 23,27
Ultrafarma;Creme De Mãos Rosa Mosqueta Rahda 30G;R$ 7,21
Ultrafarma;Protetor Solar Facial Sunless Fps 50 Sem Cor 60G;R$ 27,64
Ultrafarma;Ferro + Vitamina B12 + Ácido Fólico Made In Usa Nature Daily 60 Comprimidos Sidney Oliveira;R$ 32,73
Ultrafarma;Creatina Monohidratada Sabor Maçã Verde 350G Sidney Oliveira;R$ 50,86
Ultrafarma;Multi Relax Premium 20 Comprimidos Sidney Oliveira;R$ 12,36
Ultrafarma;Escova De Dente Risofresh Colors Sidney Oliveira Cores Variadas - 2 Unidades;R$ 6,10
Ultrafarma;Lib Up Man 60 Cápsulas Sidney Oliveira;R$ 29,10
Ultrafarma;Protetor Solar Facial La Roche-Posay Anthelios Airlicium Antioleosidade Fps80 Sem Cor 40G;R$ 67,04
Ultrafarma;Acetilcisteína 300Mg Vitalab 30 Cápsulas;R$ 13,51
Ultrafarma;Condricart Joint Care Made In Usa 60 Cápsulas Sidney Oliveira;R$ 50,86
Ultrafarma;Cobre 2000Mcg + Zinco 29,59Mg 60 Cápsulas União Europeia Sidney Oliveira;R$ 14,55
Ultrafarma;A-Z 50+ Premium Dunga 60 Cápsulas Sidney Oliveira Nova Fórmula;R$ 18,19
Ultrafarma;Sabonete De Aroeira Sidney Oliveira 100G;R$ 5,38
Ultrafarma;Magnésio + Vitamina B6 + D3 50 Cápsulas União Europeia Sidney Oliveira;R$ 20,03
Ultrafarma;Ômega 3 1000Mg Kit Made In Usa Compre 2 Com 120 Cápsulas E Ganhe 1 Com 60 Cápsulas Sidney Oliveira;R$ 206,05
Ultrafarma;Sabonete Líquido Íntimo Sidney Oliveira Procto Care Premium Higiene Anal 120Ml;R$ 9,55
Ultrafarma;Sabonete Esfoliante Facial Rahda Turmeric Skin 120Ml;R$ 12,30
Ultrafarma;Lenço Íntimo Umedecido Rahda - 16 Unidades - Validade Abril/2026;R$ 4,87
Ultrafarma;Ora Pro Nóbis Solúvel Sabor Abacaxi Com Hortelã 150G Sidney Oliveira;R$ 32,79
Ultrafarma;A-Z Completo + Ômega 3 1000Mg Cristo Redentor 240 Cápsulas Sidney Oliveira;R$ 119,31
Ultrafarma;Cabelos E Unhas Made In Usa 60 Cápsulas Sidney Oliveira Brinde Grátis;R$ 26,14
Ultrafarma;Repelente Loção Moskitoff Kids 100Ml;R$ 10,99
Ultrafarma;Tamarine 12Mg 20 Cápsulas;R$ 53,99
Ultrafarma;Creme Ora Pro Nóbis Sidney Oliveira 200G;R$ 24,66
Ultrafarma;Benestare 625Mg 30 Comprimidos;R$ 31,65
Ultrafarma;Aas - Dormec 100Mg 200 Comprimidos;R$ 11,07
Ultrafarma;Colágeno Hidrolisado Com Vitaminas Nature Daily 240 Cápsulas Sidney Oliveira;R$ 43,61
Ultrafarma;Multigrip 4 Cápsulas - Validade Abril/2026;R$ 2,90
Ultrafarma;Gerovital 30 Cápsulas;R$ 36,17
Ultrafarma;Enxaguante Antisséptico Bucal Oaz Hortelã Sem Álcool 1 Litro;R$ 37,76
Ultrafarma;Ômega 3 1000 Mg Concentrado Made In Usa 100 Cápsulas Sidney Oliveira;R$ 108,56
Ultrafarma;Vitamina C - Energrip C 1G 10 Comprimidos Efervescentes;R$ 5,29
Ultrafarma;Cálcio + Magnésio + Zinco Calsid + Mz 20 Comprimidos Importado Sidney Oliveira;R$ 14,48
Ultrafarma;Triptofano 860Mg 60 Cápsulas União Europeia Sidney Oliveira;R$ 30,75
Ultrafarma;Kit Protetor Solar Corporal Cenoura & Bronze Fps 30 200Ml + Facial Fps 30 Toque Seco 50G;R$ 40,90
Ultrafarma;Cimevitan Memória Made In Usa 60 Cápsulas Sidney Oliveira;R$ 33,34
Ultrafarma;Vitamina B12 9,94Mcg 30 Cápsulas União Europeia Sidney Oliveira;R$ 13,12
Ultrafarma;Creme Esfoliante Para Os Pés Rahda 110Ml;R$ 6,79
Ultrafarma;Óleo Essencial Puro De Citronela Nefertiti Sidney Oliveira 10Ml;R$ 29,00
Ultrafarma;Cálcio Citrato Malato 250Mg + Vitamina D3 1000Ui Calsid-D Malato 30 Comprimidos Sidney Oliveira;R$ 30,65
Ultrafarma;Probiótico Prolive 6 Cápsulas;R$ 13,96
Ultrafarma;Selênio 65Mcg 60 Comprimidos Nanotechnology União Europeia Sidney Oliveira;R$ 19,78
Ultrafarma;Colágeno Tipo Il - Colagen Il Renew 40Mg Bionatus 30 Comprimidos;R$ 29,03
Ultrafarma;Resveratrol By Geraldo Luís 60 Cápsulas Herbalsave;R$ 39,94
Ultrafarma;Kit Sabonete Líquido Íntimo Dermafeme Floral 200Ml - 2 Unidades;R$ 18,73
Ultrafarma;Magnésio P.A. Cloreto 60 Cápsulas;R$ 17,28
Ultrafarma;Condroitina 600Mg 60 Cápsulas União Europeia Sidney Oliveira;R$ 36,31
Ultrafarma;A-Z Completo Multivitamínico Cristo Redentor 60 Comprimidos Sidney Oliveira Brindes Especiais;R$ 24,73
Ultrafarma;Gerivit-B12 Adulto 500Ml Sidney Oliveira;R$ 13,30
Ultrafarma;Ora Pro Nóbis  Solúvel By Geraldo Luís 200G Herbalsave;R$ 57,36
Ultrafarma;Protetor Solar Sunless Fps 60 120G;R$ 38,17
Ultrafarma;Aparelho De Glicemia Onetouch Select Plus Flex + Lancetador + Case;R$ 37,15
Ultrafarma;Óleo De Prímula Mulheres Ativas 240 Cápsulas Sidney Oliveira;R$ 97,86
Ultrafarma;Cromo + Zinco By Geraldo Luís 60 Cápsulas Herbalsave;R$ 21,76
Ultrafarma;Creme Esfoliante Sebo De Carneiro Fashion 200Ml;R$ 9,26
Ultrafarma;Protetor Solar Corporal Cenoura & Bronze Fps 30 200Ml;R$ 37,24
Ultrafarma;Protetor Solar Facial Diário Cenoura & Bronze Fps 70 50G;R$ 38,17
Ultrafarma;Protetor Solar + Repelente Oaz 2 Em 1 Fps 30 120Ml;R$ 27,48
Ultrafarma;Água Micelar Fashion 130Ml;R$ 8,28
Ultrafarma;Vitamina B12 Gotas 50Ml;R$ 14,51
Ultrafarma;Enxaguante Antisséptico Bucal Periodent Menta Com Álcool 250Ml;R$ 13,96
Ultrafarma;Kit Diabetes By Geraldo Luís - Ora Pro Nóbis+Resveratrol+A-Z Multivitamínico+Cromo+Zinco+Brinde Kit Glicemia G-Tech - Validade Março/2026;R$ 130,86
Ultrafarma;Óleo De Girassol E Rosa Mosqueta Dermasan Sidney Oliveira 30Ml;R$ 28,72
Ultrafarma;Repelente Loção Moskitoff Baby 100Ml;R$ 22,16
Ultrafarma;Colágeno Tipo Il + Vitamina D - Colagen Il Msm Bionatus 60 Cápsulas;R$ 36,23
Ultrafarma;Triple Ômega 3-6-9 1200 Mg Made In Usa 120 Cápsulas Sidney Oliveira;R$ 116,33
Ultrafarma;Hidratante Corporal Fashion Óleo De Amêndoas 180Ml;R$ 7,27
Ultrafarma;Protetor Solar Facial Diário Cenoura & Bronze Fps 30 50G;R$ 27,93
Ultrafarma;Repelente Spray Exposis Infantil Sem Perfume 100Ml;R$ 61,10
Ultrafarma;Aparelho De Glicemia Onetouch Ultra Plus Flex + 10 Lancetas + Lancetador;R$ 38,79
Ultrafarma;Higienizador Íntimo Lowash Pro Frasco + Bico Aplicador + Hidraenema 3G - Validade Março/2026;R$ 9,69
Ultrafarma;Colônia Jequiti Hot Wheels 25Ml;R$ 27,93
Ultrafarma;Sominex Composto 20 Comprimidos - Ems;R$ 21,90
Ultrafarma;Osteonutri 60 Comprimidos;R$ 74,48
Ultrafarma;Acetilcisteína 600Mg 16 Sachês Sabor Laranja Sidney Oliveira;R$ 18,12
Ultrafarma;Vitamina B12 9,9Mcg Purevital 60 Comprimidos Sidney Oliveira;R$ 18,15
Ultrafarma;Vitamina C 500Mg Liberação Prolongada - Vitalion C 24 Comprimidos Sidney Oliveira;R$ 11,63
Ultrafarma;Cálcio Elementar 500Mg Calsid Prev 60 Comprimidos Sidney Oliveira;R$ 18,12
Ultrafarma;Vitamina C + Vitamina D + Zinco - Vitalion Imune Kids 30 Gomas Sidney Oliveira;R$ 9,39
Ultrafarma;Florlac Probiótico 18 Bilhões 10 Cápsulas Sidney Oliveira;R$ 21,76
Ultrafarma;Lactulose Xarope Sem Sabor 120Ml Sidney Oliveira;R$ 18,15
Ultrafarma;Selênio 200Mcg 30 Cápsulas União Europeia Sidney Oliveira;R$ 14,47
Ultrafarma;Magnésio + Vitamina D3 + Vitamina K2 E Cálcio Condricart Mdk 60 Comprimidos + 15 Grátis Sidney Oliveira;R$ 36,31
Ultrafarma;Cúrcuma + Ácido Hialurônico Turmeric Skin 30 Cápsulas Sidney Oliveira;R$ 18,86
Ultrafarma;Vitbari 60 Comprimidos Mastigáveis Sidney Oliveira;R$ 43,50
Ultrafarma;Vitalion Memória 60 Cápsulas Sidney Oliveira;R$ 18,65
Ultrafarma;A-Z Homem Sênior Mega Men 60 Cápsulas União Europeia Sidney Oliveira;R$ 29,06
Ultrafarma;Colágeno Hidrolisado + Vitaminas E Minerais 30 Cápsulas Sidney Oliveira;R$ 16,66
Ultrafarma;Lib Up Femme 60 Cápsulas Sidney Oliveira;R$ 29,10
Ultrafarma;Gel De Massagem Bálsamo De Cavalo 200G Sidney Oliveira;R$ 15,55
Ultrafarma;Triptofano 300Mg Vegan 60 Cápsulas Sidney Oliveira;R$ 12,90
Ultrafarma;Óleo De Prímula Mulheres Ativas 60 Cápsulas Sidney Oliveira;R$ 33,46
Ultrafarma;Ferro + Vitamina C Vegan 30 Cápsulas Sidney Oliveira;R$ 16,96
Ultrafarma;Sabonete Íntimo Rahda Intimo Femme Leve 300Ml Pague 200Ml;R$ 10,16
Ultrafarma;Lactulose Xarope Sabor Ameixa 120Ml Sidney Oliveira;R$ 13,51
Ultrafarma;Colágeno Tipo Il + Msm + Ác. Hialurônico + Boro - Condricart Osteo Bi-Flex 60 Cápsulas Sidney Oliveira;R$ 25,69
